Company, Position, location, link
휴먼교육센터,[전액무료] IT취업 자바/파이썬/인공지능/빅데이터 교육생 모집,서울 영등포구 외,https://www.jobkorea.co.kr/Search/?stext=+/Recruit/GI_Read/40979302?Oem_Code=C1&logpath=1&stext=python&listno=1
오상자이엘 ㈜,프로그래머(JAVA  Python  Oracle SQL) 및 PL  PM 모집,인천 부평구,https://www.jobkorea.co.kr/Search/?stext=+/Recruit/GI_Read/41206906?Oem_Code=C1&logpath=1&stext=python&listno=2
브이엠에스솔루션스,[2월 채용] Python 개발자(프리랜서),경기 용인시,https://www.jobkorea.co.kr/Search/?stext=+/Recruit/GI_Read/41205301?Oem_Code=C1&logpath=1&stext=python&listno=3
스마일게이트엔터테인먼트,인사행정지원 아르바이트 (Python 활용) 모집,경기 성남시,https://www.jobkorea.co.kr/Search/?stext=+/Recruit/GI_Read/41176430?Oem_Code=C1&logpath=1&stext=python&listno=4
링크제니시스,차량용 SW Test 자동화 개발(Python) 및 검증,인천 서구 외,https://www.jobkorea.co.kr/Search/?stext=+/Recruit/GI_Read/41173655?Oem_Code=C1&logpath=1&stext=python&listno=5
교육지대㈜,TechLab Python 개발자 채용,서울 구로구,https://www.jobkorea.co.kr/Search/?stext=+/Recruit/GI_Read/41169941?Oem_Code=C1&logpath=1&stext=python&listno=6
㈜핸디소프트,[개발자채용] Python 신입/경력 모집,경기 안양시,https://www.jobkorea.co.kr/Search/?stext=+/Recruit/GI_Read/40787061?Oem_Code=C1&logpath=1&stext=python&listno=7
㈜포이시스,[본사/대구] Java / Python 활용 / Android/ios/ 금융솔루션 개발자 채용 공고(경력  신입),서울 금천구 외,https://www.jobkorea.co.kr/Search/?stext=+/Recruit/GI_Read/40818902?Oem_Code=C1&logpath=1&stext=python&listno=8
㈜인피닉,연구소 JAVA / PYTHON 신입 개발자 모집,서울 강남구,https://www.jobkorea.co.kr/Search/?stext=+/Recruit/GI_Read/40577269?Oem_Code=C1&logpath=1&stext=python&listno=9
㈜위대한상상,[Python] Backend Developer (Python/Tech Lead/10년이상),서울 서초구 외,https://www.jobkorea.co.kr/Search/?stext=+/Recruit/GI_Read/40556621?Oem_Code=C1&logpath=1&stext=python&listno=10
한국직업전문학교,빅데이터 플랫폼 응용 SW개발자 양성 과정 (Java  Python) 교육과정 강사모집,서울 구로구,https://www.jobkorea.co.kr/Search/?stext=+/Recruit/GI_Read/40482281?Oem_Code=C1&logpath=1&stext=python&listno=11
㈜이글루코퍼레이션,연구소 IT개발(서버/백엔드/프론트엔드/Python/웹 퍼블리셔/QA 엔지니어) 대규모 채용,서울 송파구,https://www.jobkorea.co.kr/Search/?stext=+/Recruit/GI_Read/41232514?Oem_Code=C1&logpath=1&stext=python&listno=12
㈜이젠아카데미인재개발원,[신촌이젠아카데미]파이썬프로그래밍 언어 기초 강사(월수금저녁),서울 서대문구,https://www.jobkorea.co.kr/Search/?stext=+/Recruit/GI_Read/41270251?Oem_Code=C1&logpath=1&stext=python&listno=13
행복추구 패러다임㈜kcms,여의도역 자산운용 DT 업무 운영 Python 경험자를 모집 합니다. (s00),서울 영등포구,https://www.jobkorea.co.kr/Search/?stext=+/Recruit/GI_Read/41264110?Oem_Code=C1&logpath=1&stext=python&listno=14
㈜제스엔지니어링,[채용] C# S/W or Python 개발자 경력 우대,서울 금천구,https://www.jobkorea.co.kr/Search/?stext=+/Recruit/GI_Read/41258317?Oem_Code=C1&logpath=1&stext=python&listno=15
디시엘,(정자) aws python Lamda 개발자(3월중순부터),서울 영등포구,https://www.jobkorea.co.kr/Search/?stext=+/Recruit/GI_Read/41255520?Oem_Code=C1&logpath=1&stext=python&listno=16
인텍솔루션㈜,제조) 생산SCM업무 UI개발 - Python  R  Javascript [ 기흥 / 중 고급 ],경기 용인시,https://www.jobkorea.co.kr/Search/?stext=+/Recruit/GI_Read/41249097?Oem_Code=C1&logpath=1&stext=python&listno=17
㈜하성씨앤아이,[정자][개발][대기업] Jsp HTML Css Python 개발자 모집,경기 성남시,https://www.jobkorea.co.kr/Search/?stext=+/Recruit/GI_Read/41245998?Oem_Code=C1&logpath=1&stext=python&listno=18
㈜유니포유,삼성전자 기흥 SCM Python 개발자 구인,경기 수원시 외,https://www.jobkorea.co.kr/Search/?stext=+/Recruit/GI_Read/41242348?Oem_Code=C1&logpath=1&stext=python&listno=19
이수정보㈜,[광화문] 정부과제 프로젝트(python/초급 중급 고급),서울 중랑구 외,https://www.jobkorea.co.kr/Search/?stext=+/Recruit/GI_Read/41236070?Oem_Code=C1&logpath=1&stext=python&listno=20
㈜디렉셔널,[Python] 데이터 엔지니어 (신입/경력) 채용,서울 마포구 외,https://www.jobkorea.co.kr/Search/?stext=+/Recruit/GI_Read/41232110?Oem_Code=C1&logpath=1&stext=python&listno=21
티에스엔랩㈜,DevOps/Python 개발자 채용,경기 용인시,https://www.jobkorea.co.kr/Search/?stext=+/Recruit/GI_Read/41231860?Oem_Code=C1&logpath=1&stext=python&listno=22
㈜미래지기,오픈소스 분석 및 개발 (Python  MongoDB  방배역  3개월이상 장기),서울 서초구,https://www.jobkorea.co.kr/Search/?stext=+/Recruit/GI_Read/41230027?Oem_Code=C1&logpath=1&stext=python&listno=23
㈜더블엑스소프트,파이썬 개발자(Python Developer)가 필요해요,서울 강남구,https://www.jobkorea.co.kr/Search/?stext=+/Recruit/GI_Read/41229978?Oem_Code=C1&logpath=1&stext=python&listno=24
행복쇼핑 주식회사,REACT  PHP   PYTHON 개발자 채용,서울 영등포구,https://www.jobkorea.co.kr/Search/?stext=+/Recruit/GI_Read/41229954?Oem_Code=C1&logpath=1&stext=python&listno=25
이노직업전문학교,정보기술분야(HTML  CSS  JAVA  PYTHON) 야간 및 주말 훈련교사(강사) 채용,경기 부천시,https://www.jobkorea.co.kr/Search/?stext=+/Recruit/GI_Read/41219914?Oem_Code=C1&logpath=1&stext=python&listno=26
㈜상상할수없는,파이썬 개발자 모집 채용,서울 영등포구 외,https://www.jobkorea.co.kr/Search/?stext=+/Recruit/GI_Read/41217352?Oem_Code=C1&logpath=1&stext=python&listno=27
이젠컴퓨터아카데미,자바(Java)기반 정보기술/파이썬/스프링/리엑트/반응형 웹/ 풀스택 강사구인,서울 강서구 외,https://www.jobkorea.co.kr/Search/?stext=+/Recruit/GI_Read/41212872?Oem_Code=C1&logpath=1&stext=python&listno=28
㈜지에스아이오토모티브,python Data 전처리 업무 담당자 모집,대전 유성구,https://www.jobkorea.co.kr/Search/?stext=+/Recruit/GI_Read/41212505?Oem_Code=C1&logpath=1&stext=python&listno=29
㈜허그랩,[백엔드] 파이썬 크롤러 개발자,서울 영등포구,https://www.jobkorea.co.kr/Search/?stext=+/Recruit/GI_Read/41198141?Oem_Code=C1&logpath=1&stext=python&listno=30
인천구월그린컴퓨터아트학원,저녁주말 JAVA / 파이썬 강사님을 모집합니다.,인천 남동구 외,https://www.jobkorea.co.kr/Search/?stext=+/Recruit/GI_Read/41201143?Oem_Code=C1&logpath=1&stext=python&listno=31
㈜메트릭스,AI 엔지니어 채용 공고[python],대전 중구,https://www.jobkorea.co.kr/Search/?stext=+/Recruit/GI_Read/41191272?Oem_Code=C1&logpath=1&stext=python&listno=32
㈜와이티,python 인공지능개발자 신입채용[정규직],대전 유성구 외,https://www.jobkorea.co.kr/Search/?stext=+/Recruit/GI_Read/41193069?Oem_Code=C1&logpath=1&stext=python&listno=33
㈜알체라,파이썬 스크립터 (Python Scripter) 모집,서울 강남구 외,https://www.jobkorea.co.kr/Search/?stext=+/Recruit/GI_Read/41177990?Oem_Code=C1&logpath=1&stext=python&listno=34
㈜경포씨엔씨,(중-고급/광화문/종각역/보험사)Under-Bot  Python 개발자  DjangoFrameWork,서울 종로구 외,https://www.jobkorea.co.kr/Search/?stext=+/Recruit/GI_Read/41172395?Oem_Code=C1&logpath=1&stext=python&listno=35
㈜디토나인,(주)디토나인ㅣ파이썬 웹 개발 경력자 채용,서울 강남구,https://www.jobkorea.co.kr/Search/?stext=+/Recruit/GI_Read/41165277?Oem_Code=C1&logpath=1&stext=python&listno=36
헬리오센,헬리오센(주) Python 응용S/W 개발자 경력 채용,경기 성남시,https://www.jobkorea.co.kr/Search/?stext=+/Recruit/GI_Read/41151393?Oem_Code=C1&logpath=1&stext=python&listno=37
㈜하이미디어컴퓨터디자인학원,하이미디어컴퓨터디자인학원(일산점) java강사를 모십니다(Java & Python을 활용한 빅데이터 서비스 개발자 양성 과정)),경기 고양시 외,https://www.jobkorea.co.kr/Search/?stext=+/Recruit/GI_Read/41149506?Oem_Code=C1&logpath=1&stext=python&listno=38
공간정보기술㈜,공간정보기술㈜ Python QGIS 개발자 경력 채용,경기 성남시,https://www.jobkorea.co.kr/Search/?stext=+/Recruit/GI_Read/41135933?Oem_Code=C1&logpath=1&stext=python&listno=39
기술좋은직업전문학교,[국비무료] 취업연계 교육(빅데이터&자바&파이썬),부산 북구 외,https://www.jobkorea.co.kr/Search/?stext=+/Recruit/GI_Read/41129622?Oem_Code=C1&logpath=1&stext=python&listno=40
㈜인실리코젠,파이썬(Python) 신입/경력 채용,경기 용인시,https://www.jobkorea.co.kr/Search/?stext=+/Recruit/GI_Read/41129032?Oem_Code=C1&logpath=1&stext=python&listno=41
㈜페이타랩,[패스오더] 급성장중인 스타트업 `백엔드 개발자` 채용(Spring  Python  MSA),서울 강남구 외,https://www.jobkorea.co.kr/Search/?stext=+/Recruit/GI_Read/41127211?Oem_Code=C1&logpath=1&stext=python&listno=42
㈜에이알컴즈,백엔드 개발자 경력직 채용 (PHP/CodeIgniter  Python),서울 강서구,https://www.jobkorea.co.kr/Search/?stext=+/Recruit/GI_Read/41116963?Oem_Code=C1&logpath=1&stext=python&listno=43
데이터메쉬,DB 엔지니어 및 Python 인재 채용,서울 강남구 외,https://www.jobkorea.co.kr/Search/?stext=+/Recruit/GI_Read/41102785?Oem_Code=C1&logpath=1&stext=python&listno=44
㈜몽태랑인터내셔날,응용 소프트웨어 개발자(PYTHON) 경력직 채용,경기 하남시,https://www.jobkorea.co.kr/Search/?stext=+/Recruit/GI_Read/41102125?Oem_Code=C1&logpath=1&stext=python&listno=45
㈜그루넷,빅데이터/DataAnalysis/Python/JAVA/SAS 인재 채용,서울 강남구,https://www.jobkorea.co.kr/Search/?stext=+/Recruit/GI_Read/41101287?Oem_Code=C1&logpath=1&stext=python&listno=46
㈜이루웰,[재택] 파이썬 gui 개발 응용프로그램개발자 모집,서울 강남구,https://www.jobkorea.co.kr/Search/?stext=+/Recruit/GI_Read/41096514?Oem_Code=C1&logpath=1&stext=python&listno=47
㈜메디터레이니언웍스,웹  응용프로그램 경력직 (.NET  JAVA  Python 등),경기 성남시,https://www.jobkorea.co.kr/Search/?stext=+/Recruit/GI_Read/41092933?Oem_Code=C1&logpath=1&stext=python&listno=48
㈜티엔블루,[양재] Python 중급이상  00전자 Thinq admin 개발/운영,서울 강서구,https://www.jobkorea.co.kr/Search/?stext=+/Recruit/GI_Read/41092334?Oem_Code=C1&logpath=1&stext=python&listno=49
㈜이랜서,(주)이랜서 공개 채용 - PYTHON 개발자,서울 강남구,https://www.jobkorea.co.kr/Search/?stext=+/Recruit/GI_Read/41086551?Oem_Code=C1&logpath=1&stext=python&listno=50
농업회사법인에피젠,웹개발자 프론트엔드 PHP 자바스크립트 API연동 파이썬,경기 용인시,https://www.jobkorea.co.kr/Search/?stext=+/Recruit/GI_Read/41072908?Oem_Code=C1&logpath=1&stext=python&listno=51
소프트온,JAVA   R/Python   데이터 컨설팅  개발 경력자 채용 (정규직/프리랜서),서울 중구 외,https://www.jobkorea.co.kr/Search/?stext=+/Recruit/GI_Read/41051576?Oem_Code=C1&logpath=1&stext=python&listno=52
(재)국제인재능력개발원,프로그래밍강사 모집(자바 c언어 파이썬등),서울 동대문구 외,https://www.jobkorea.co.kr/Search/?stext=+/Recruit/GI_Read/41064246?Oem_Code=C1&logpath=1&stext=python&listno=53
㈜어밸브,AI(딥러닝) 개발자 채용 (Python  Pytorch  Ubuntu 경험자  AI에 대한 기본적 이해가 있으신 분),서울 서초구,https://www.jobkorea.co.kr/Search/?stext=+/Recruit/GI_Read/41055081?Oem_Code=C1&logpath=1&stext=python&listno=54
㈜어밸브,드론 주행 소프트웨어 개발자 채용 (Python 경험자  OpenCV 및 이미지 처리에 대한 기본적인 이해가 있으신 분),서울 서초구,https://www.jobkorea.co.kr/Search/?stext=+/Recruit/GI_Read/41055022?Oem_Code=C1&logpath=1&stext=python&listno=55
㈜에코마린,Python  데이터 분석  응용프로그램 개발,부산 해운대구 외,https://www.jobkorea.co.kr/Search/?stext=+/Recruit/GI_Read/41040407?Oem_Code=C1&logpath=1&stext=python&listno=56
피앤씨테크놀러지㈜,파이썬 Django 백엔드 개발자 모집,서울 강남구,https://www.jobkorea.co.kr/Search/?stext=+/Recruit/GI_Read/41039844?Oem_Code=C1&logpath=1&stext=python&listno=57
㈜시리오,백앤드/Python/Node.js 개발자 모집,서울 구로구,https://www.jobkorea.co.kr/Search/?stext=+/Recruit/GI_Read/41029072?Oem_Code=C1&logpath=1&stext=python&listno=58
㈜팀벨,자사 솔루션 개발자 모집(Linux  Python개발자),서울 강남구,https://www.jobkorea.co.kr/Search/?stext=+/Recruit/GI_Read/41026652?Oem_Code=C1&logpath=1&stext=python&listno=59
㈜파인데이터랩,IT개발·데이터(Javascript  Python 데이터베이스) 채용합니다,서울 양천구,https://www.jobkorea.co.kr/Search/?stext=+/Recruit/GI_Read/41019632?Oem_Code=C1&logpath=1&stext=python&listno=60
유비넷트,일본 도쿄  시스템 개발  모바일 앱개발 JAVA  Python  화상 인식 개발,일본 도쿄,https://www.jobkorea.co.kr/Search/?stext=+/Recruit/GI_Read/41016889?Oem_Code=C1&logpath=1&stext=python&listno=61
에르타,통계/빅데이터 분야 Python 인력모집,서울 구로구 외,https://www.jobkorea.co.kr/Search/?stext=+/Recruit/GI_Read/41014939?Oem_Code=C1&logpath=1&stext=python&listno=62
㈜펌프킨,CS 응용프로그램 개발자 신규채용  파이썬  C++,경기 남양주시,https://www.jobkorea.co.kr/Search/?stext=+/Recruit/GI_Read/40994620?Oem_Code=C1&logpath=1&stext=python&listno=63
㈜엠아이티능력개발원,[국비전액무료] IT 취업 파이썬/인공지능/빅데이터 교육훈련생 모집,경기 수원시,https://www.jobkorea.co.kr/Search/?stext=+/Recruit/GI_Read/40991968?Oem_Code=C1&logpath=1&stext=python&listno=64
㈜제스엔지니어링,[채용] C# S/W or Python 개발자 경력 우대(사원주임대리과장급),서울 금천구,https://www.jobkorea.co.kr/Search/?stext=+/Recruit/GI_Read/40991763?Oem_Code=C1&logpath=1&stext=python&listno=65
오아시스스토리㈜,프로그래머 모십니다 [java/jsp /c#/python],대전 서구 외,https://www.jobkorea.co.kr/Search/?stext=+/Recruit/GI_Read/40967913?Oem_Code=C1&logpath=1&stext=python&listno=66
시프트원㈜,[Cloud/A.I./Datalake] B/E (Python  Go  Java) 개발자 채용,서울 강남구 외,https://www.jobkorea.co.kr/Search/?stext=+/Recruit/GI_Read/40960309?Oem_Code=C1&logpath=1&stext=python&listno=67
기술좋은직업전문학교,[국비전액무료] 빅데이터&자바&파이썬 전문인력 취업연계교육,부산 북구 외,https://www.jobkorea.co.kr/Search/?stext=+/Recruit/GI_Read/40953229?Oem_Code=C1&logpath=1&stext=python&listno=68
이벌브소프트,[이벌브소프트] Back End(Python) 개발자 채용,서울 서초구 외,https://www.jobkorea.co.kr/Search/?stext=+/Recruit/GI_Read/40944330?Oem_Code=C1&logpath=1&stext=python&listno=69
바이오커넥트,(주)바이오커넥트 - [신입 및 경력] 생체정보 영상처리 알고리즘 개발(Python),서울 서초구,https://www.jobkorea.co.kr/Search/?stext=+/Recruit/GI_Read/40935926?Oem_Code=C1&logpath=1&stext=python&listno=70
PENTAIN,[동경] WebApplication개발자모집 (Java Python경력자),일본 도쿄,https://www.jobkorea.co.kr/Search/?stext=+/Recruit/GI_Read/40879213?Oem_Code=C1&logpath=1&stext=python&listno=71
더조은컴퓨터학원,[더조은컴퓨터 구로캠퍼스] 빅데이터분석(파이썬  자바)기반 AI(머신러닝 딥러닝) 강사 채용,서울 구로구,https://www.jobkorea.co.kr/Search/?stext=+/Recruit/GI_Read/40909526?Oem_Code=C1&logpath=1&stext=python&listno=72
루먼랩㈜,[루먼랩 주식회사] 백엔드(Python  NodeJS  NestJS) 개발자 채용,서울 송파구,https://www.jobkorea.co.kr/Search/?stext=+/Recruit/GI_Read/40891129?Oem_Code=C1&logpath=1&stext=python&listno=73
㈜케이텍,프로그램 개발자 모집(Machine Vision  AI(Python)  C  C#  C++),경북 포항시 외,https://www.jobkorea.co.kr/Search/?stext=+/Recruit/GI_Read/40875544?Oem_Code=C1&logpath=1&stext=python&listno=74
그린컴퓨터아카데미 의정부점,자바/파이썬 기반 빅데이터 개발자 종합반 강의하실 강사님 모십니다.,경기 의정부시,https://www.jobkorea.co.kr/Search/?stext=+/Recruit/GI_Read/40834481?Oem_Code=C1&logpath=1&stext=python&listno=75
피에로컴퍼니,O2O 플랫폼 웹(백엔드) 개발자 python  django 인턴 정규직 채용,서울 용산구 외,https://www.jobkorea.co.kr/Search/?stext=+/Recruit/GI_Read/40821579?Oem_Code=C1&logpath=1&stext=python&listno=76
누리꿈소프트㈜,[경력자] 데이터시각화 개발자 채용(Python Spotfire),서울 종로구,https://www.jobkorea.co.kr/Search/?stext=+/Recruit/GI_Read/40817293?Oem_Code=C1&logpath=1&stext=python&listno=77
㈜위존 강남사업장,[경력] Solution/SW 웹개발자 채용 - JAVA/SPRING/Python,서울 강남구,https://www.jobkorea.co.kr/Search/?stext=+/Recruit/GI_Read/40814934?Oem_Code=C1&logpath=1&stext=python&listno=78
㈜포디아이비젼,OpenCV/MATLAB/TensorFlow/Python/C/C++/Linux 알고리즘 개발 (팀원)(팀장),서울 서초구 외,https://www.jobkorea.co.kr/Search/?stext=+/Recruit/GI_Read/40809250?Oem_Code=C1&logpath=1&stext=python&listno=79
이맥스정보기술,AI 개발자(python  django 유경험자) 모집,부산 사상구,https://www.jobkorea.co.kr/Search/?stext=+/Recruit/GI_Read/40777455?Oem_Code=C1&logpath=1&stext=python&listno=80
(유)지니집코리아,WEB/Python/개발자 채용 (미국영주권스폰),서울 중구,https://www.jobkorea.co.kr/Search/?stext=+/Recruit/GI_Read/40767866?Oem_Code=C1&logpath=1&stext=python&listno=81
㈜피디정보통신,Python Back-End 프로그래머 모집,서울 강남구,https://www.jobkorea.co.kr/Search/?stext=+/Recruit/GI_Read/40760915?Oem_Code=C1&logpath=1&stext=python&listno=82
이젠아이티(IT)아카데미학원,기업출강 강사 구인(파이썬  R  머신러닝  딥러닝  자연어 처리),서울 서초구 외,https://www.jobkorea.co.kr/Search/?stext=+/Recruit/GI_Read/40748270?Oem_Code=C1&logpath=1&stext=python&listno=83
미래융합교육원,인공지능  빅데이터  IoT 분야 (자바 파이썬) 강사 모집,대전 서구,https://www.jobkorea.co.kr/Search/?stext=+/Recruit/GI_Read/40744100?Oem_Code=C1&logpath=1&stext=python&listno=84
㈜로보그램,교육용 SW개발에 참여할 초급개발자(파이썬.opencv.텐서플로우가능)를 찾습니다,경기 수원시,https://www.jobkorea.co.kr/Search/?stext=+/Recruit/GI_Read/40728760?Oem_Code=C1&logpath=1&stext=python&listno=85
㈜펫이지,개발자(PHP/Python/My SQL 등) 모집,서울 종로구 외,https://www.jobkorea.co.kr/Search/?stext=+/Recruit/GI_Read/40723986?Oem_Code=C1&logpath=1&stext=python&listno=86
㈜에이시지알,[경력] 풀스택 (Javascript/React  Node.js/Python) 개발자 모집,서울 용산구,https://www.jobkorea.co.kr/Search/?stext=+/Recruit/GI_Read/40680283?Oem_Code=C1&logpath=1&stext=python&listno=87
㈜유스바이오글로벌,의료영상 개발자 모집(Python),서울 구로구 외,https://www.jobkorea.co.kr/Search/?stext=+/Recruit/GI_Read/40679767?Oem_Code=C1&logpath=1&stext=python&listno=88
이젠아카데미컴퓨터학원,파이썬 저녁반/주말반(2월개강) 강사님을 모십니다.,서울 종로구 외,https://www.jobkorea.co.kr/Search/?stext=+/Recruit/GI_Read/40678130?Oem_Code=C1&logpath=1&stext=python&listno=89
탐시스텍,검사관련 응용프로그램 개발직 C# C++ Python,경기 수원시 외,https://www.jobkorea.co.kr/Search/?stext=+/Recruit/GI_Read/40595658?Oem_Code=C1&logpath=1&stext=python&listno=90
디비디스커버코리아,Python개발자/Machine Vision/이미지분석/Text 분석,서울 영등포구,https://www.jobkorea.co.kr/Search/?stext=+/Recruit/GI_Read/40578941?Oem_Code=C1&logpath=1&stext=python&listno=91
㈜네오넥스,글로벌 거래소 플랫폼 개발자 채용 (Java Spring  Python  Vue.js  DevOps),서울 강남구,https://www.jobkorea.co.kr/Search/?stext=+/Recruit/GI_Read/40579142?Oem_Code=C1&logpath=1&stext=python&listno=92
㈜에스에프테크놀로지,웹 자바  파이썬 경력  개발자 구인(경력 및 신입),서울 금천구,https://www.jobkorea.co.kr/Search/?stext=+/Recruit/GI_Read/40575223?Oem_Code=C1&logpath=1&stext=python&listno=93
㈜한국아이티전문학원,프로그래밍(JAVA  Python) / 디자인 / OA 분야 시간강사 채용,충북 청주시,https://www.jobkorea.co.kr/Search/?stext=+/Recruit/GI_Read/40572975?Oem_Code=C1&logpath=1&stext=python&listno=94
㈜아이티존,[경력&신입]빅데이터솔루션개발-Python Java(정규직),대전 유성구,https://www.jobkorea.co.kr/Search/?stext=+/Recruit/GI_Read/40564010?Oem_Code=C1&logpath=1&stext=python&listno=95
두타위즈,JAVA  Python 웹 개발 신입/경력 사원 모집,서울 금천구,https://www.jobkorea.co.kr/Search/?stext=+/Recruit/GI_Read/40556380?Oem_Code=C1&logpath=1&stext=python&listno=96
시스메틱,백엔드 엔지니어 모집(Python/Javascript),서울 영등포구,https://www.jobkorea.co.kr/Search/?stext=+/Recruit/GI_Read/40556690?Oem_Code=C1&logpath=1&stext=python&listno=97
메가스터디아이티아카데미신촌학원,[메가스터디IT아카데미] 프로그래밍  C언어  JAVA  Python 강사채용,서울 마포구 외,https://www.jobkorea.co.kr/Search/?stext=+/Recruit/GI_Read/40556550?Oem_Code=C1&logpath=1&stext=python&listno=98
치얼업코리아㈜,[치코마켓] 개발직 ( Python  RPA ) 채용 공고,전북 익산시,https://www.jobkorea.co.kr/Search/?stext=+/Recruit/GI_Read/40536696?Oem_Code=C1&logpath=1&stext=python&listno=99
㈜하이컴텍,응용 소프트웨어 병역특례 개발자 모십니다 (C#  Java  Python),서울 금천구,https://www.jobkorea.co.kr/Search/?stext=+/Recruit/GI_Read/40490660?Oem_Code=C1&logpath=1&stext=python&listno=100
더조은컴퓨터학원,[더조은컴퓨터학원 구로캠퍼스] 파이썬  인공지능(AI) 주말반 강사 채용,서울 구로구,https://www.jobkorea.co.kr/Search/?stext=+/Recruit/GI_Read/40490647?Oem_Code=C1&logpath=1&stext=python&listno=101
㈜우영씨앤씨,[Python/QA/기획/SRA SBP 빅데이타] 은행 Python 기획 PL 보안 AWS 데이터 API,서울 금천구 외,https://www.jobkorea.co.kr/Search/?stext=+/Recruit/GI_Read/41268003?Oem_Code=C1&logpath=1&stext=python&listno=102
국제컴퓨터아트학원,[천호캠퍼스] IT 프로그래밍(빅데이터&파이썬&자바) 강사채용,서울 강동구,https://www.jobkorea.co.kr/Search/?stext=+/Recruit/GI_Read/41251670?Oem_Code=C1&logpath=1&stext=python&listno=103
㈜이노트리,삼성전자 갤럭시 스토어 Backend 데이분석및 통계 SM (Spring Python),서울 강남구 외,https://www.jobkorea.co.kr/Search/?stext=+/Recruit/GI_Read/41236133?Oem_Code=C1&logpath=1&stext=python&listno=104
㈜유닛컴퍼니(UNIT COMPANY Inc.),자료구조  알고리즘 강사 채용 (팀장급) (C언어  PYTHON),서울 양천구,https://www.jobkorea.co.kr/Search/?stext=+/Recruit/GI_Read/41223057?Oem_Code=C1&logpath=1&stext=python&listno=105
으뜸교육,코딩(아두이노  파이썬) 교육 강사 모집,대전 서구 외,https://www.jobkorea.co.kr/Search/?stext=+/Recruit/GI_Read/41217031?Oem_Code=C1&logpath=1&stext=python&listno=106
디에이치오션,소프트웨어개발자(S/W)개발 프로그래머(PYTHON) 정규직 모집,부산 사상구,https://www.jobkorea.co.kr/Search/?stext=+/Recruit/GI_Read/41205073?Oem_Code=C1&logpath=1&stext=python&listno=107
ArctX LLC,C#.Net/JAVA/Python 풀스택 개발자 (기초영어 가능자),유럽 아르메니아 외,https://www.jobkorea.co.kr/Search/?stext=+/Recruit/GI_Read/41151060?Oem_Code=C1&logpath=1&stext=python&listno=108
모블,프로그래밍 전문 강사 채용 (JAVA  자바  C  C#  C++  Android  Spring  JavaScript  Python 등 ),충남 천안시,https://www.jobkorea.co.kr/Search/?stext=+/Recruit/GI_Read/41117193?Oem_Code=C1&logpath=1&stext=python&listno=109
엔원,세종컴퓨터학원 IT 강사님 모집(프리랜서 코딩 파이썬  C언어  OA  그래픽),세종 전지역,https://www.jobkorea.co.kr/Search/?stext=+/Recruit/GI_Read/41100351?Oem_Code=C1&logpath=1&stext=python&listno=110
써니랩아이티코딩컴퓨터학원,컴세바 동춘점 IT (C언어.JAVA.파이썬.알고리즘.창작물제작)시간강사및 전임강사모집),인천 연수구,https://www.jobkorea.co.kr/Search/?stext=+/Recruit/GI_Read/41085057?Oem_Code=C1&logpath=1&stext=python&listno=111
바이오커넥트,(주)바이오커넥트 - [신입 및 경력] 영상처리 알고리즘 포팅(Python  C++),서울 서초구,https://www.jobkorea.co.kr/Search/?stext=+/Recruit/GI_Read/41072840?Oem_Code=C1&logpath=1&stext=python&listno=112
머스트컴퓨터학원,컴퓨터학원 코딩 강사 모집 - 파이썬  엔트리  유니티 등,경기 김포시,https://www.jobkorea.co.kr/Search/?stext=+/Recruit/GI_Read/41073059?Oem_Code=C1&logpath=1&stext=python&listno=113
지아이티아카데미대구,빅데이터(자바  파이썬) 훈련강사 모집,대구 중구,https://www.jobkorea.co.kr/Search/?stext=+/Recruit/GI_Read/41065571?Oem_Code=C1&logpath=1&stext=python&listno=114
㈜한국직업능력교육원,IoT분야(C언어  파이썬)훈련교사 모집,경기 군포시,https://www.jobkorea.co.kr/Search/?stext=+/Recruit/GI_Read/41057155?Oem_Code=C1&logpath=1&stext=python&listno=115
국제컴퓨터아트학원,IT프로그래밍(빅데이터/파이썬/자바) 강사 채용,서울 강동구,https://www.jobkorea.co.kr/Search/?stext=+/Recruit/GI_Read/41048766?Oem_Code=C1&logpath=1&stext=python&listno=116
마인드원㈜,소프트웨어 개발 (Python) 신입 및 경력 모집,서울 강남구,https://www.jobkorea.co.kr/Search/?stext=+/Recruit/GI_Read/41022657?Oem_Code=C1&logpath=1&stext=python&listno=117
세종컴퓨터학원,세종컴퓨터학원 IT 강사님 모집(프리랜서 코딩 파이썬  C언어  OA  그래픽),세종 전지역,https://www.jobkorea.co.kr/Search/?stext=+/Recruit/GI_Read/40956126?Oem_Code=C1&logpath=1&stext=python&listno=118
쿼드마이너,업계 최고 대우로 파이썬(Python) 개발자를 모십니다.,서울 강남구,https://www.jobkorea.co.kr/Search/?stext=+/Recruit/GI_Read/40907015?Oem_Code=C1&logpath=1&stext=python&listno=119
㈜네스텍,C#/JAVA/파이썬 프로그래머 모집합니다 (완전초보 환영),서울 금천구 외,https://www.jobkorea.co.kr/Search/?stext=+/Recruit/GI_Read/40840134?Oem_Code=C1&logpath=1&stext=python&listno=120
누리꿈소프트㈜,[정규직] 데이터분석 python R 초급 또는 중급인원을 구인합니다.,서울 강남구 외,https://www.jobkorea.co.kr/Search/?stext=+/Recruit/GI_Read/40828487?Oem_Code=C1&logpath=1&stext=python&listno=121
이츠팀(ITsTEAM),임베디드 SW 개발자 채용 [C++/Python],광주 북구 외,https://www.jobkorea.co.kr/Search/?stext=+/Recruit/GI_Read/40794361?Oem_Code=C1&logpath=1&stext=python&listno=122
㈜지아이티아카데미신촌,파이썬/자바/it 선생님 모십니다,서울 마포구,https://www.jobkorea.co.kr/Search/?stext=+/Recruit/GI_Read/40680583?Oem_Code=C1&logpath=1&stext=python&listno=123
인사이너리,개발자(Python) 경력직 채용,서울 강남구,https://www.jobkorea.co.kr/Search/?stext=+/Recruit/GI_Read/40641234?Oem_Code=C1&logpath=1&stext=python&listno=124
㈜포스코,2023년 상반기 포스코 생산기술직(포항근무) 채용형 인턴 신입사원 모집,경북 포항시,https://www.jobkorea.co.kr/Search/?stext=+/Recruit/GI_Read/41237572?Oem_Code=C1&logpath=1&stext=python&listno=125
㈜파마리서치,파마리서치 연구개발 및 강릉공장 채용,경기 성남시 외,https://www.jobkorea.co.kr/Search/?stext=+/Recruit/GI_Read/41255626?Oem_Code=C1&logpath=1&stext=python&listno=126
㈜포스코,2023년 상반기 포스코그룹 신입/경력 채용,경북 포항시 외,https://www.jobkorea.co.kr/Search/?stext=+/Recruit/GI_Read/41252806?Oem_Code=C1&logpath=1&stext=python&listno=127
에이에스엠엘코리아㈜,ASML CS 부서 경력 엔지니어 채용(한국/일본),경기 화성시 외,https://www.jobkorea.co.kr/Search/?stext=+/Recruit/GI_Read/41240535?Oem_Code=C1&logpath=1&stext=python&listno=128
베스핀글로벌㈜,[베스핀글로벌 자회사] Bespin Global Tech Center 채용연계형 교육훈련생 3기 모집,부산 연제구 외,https://www.jobkorea.co.kr/Search/?stext=+/Recruit/GI_Read/41246182?Oem_Code=C1&logpath=1&stext=python&listno=129
㈜엔씨소프트,엔씨소프트 부문별 수시 채용,경기 성남시,https://www.jobkorea.co.kr/Search/?stext=+/Recruit/GI_Read/41237742?Oem_Code=C1&logpath=1&stext=python&listno=130
더이앤엠,2023년 각 부문 신입/경력 채용,서울 서초구 외,https://www.jobkorea.co.kr/Search/?stext=+/Recruit/GI_Read/41214175?Oem_Code=C1&logpath=1&stext=python&listno=131
GS건설㈜,GS건설 신사업 및 인프라 분야 정규직 경력사원 모집,서울 종로구,https://www.jobkorea.co.kr/Search/?stext=+/Recruit/GI_Read/41176617?Oem_Code=C1&logpath=1&stext=python&listno=132
삼성증권,해외주식 마케팅 업무지원 파트타이머 채용,서울 서초구,https://www.jobkorea.co.kr/Search/?stext=+/Recruit/GI_Read/41230264?Oem_Code=C1&logpath=1&stext=python&listno=133
㈔한국산업기술진흥협회,한국산업기술진흥협회 정규직 직원 공개채용 공고,서울 서초구,https://www.jobkorea.co.kr/Search/?stext=+/Recruit/GI_Read/41223673?Oem_Code=C1&logpath=1&stext=python&listno=134
㈜소만사,정보보안 소만사에서 채용 판도라 오픈,서울 영등포구 외,https://www.jobkorea.co.kr/Search/?stext=+/Recruit/GI_Read/41209183?Oem_Code=C1&logpath=1&stext=python&listno=135
㈜하나금융티아이,[하나금융TI] 금융IT 경력사원 모집,인천 서구 외,https://www.jobkorea.co.kr/Search/?stext=+/Recruit/GI_Read/41213146?Oem_Code=C1&logpath=1&stext=python&listno=136
㈜농협물류,2023년도 농협물류 상반기 부문별 신입/경력 채용,경기,https://www.jobkorea.co.kr/Search/?stext=+/Recruit/GI_Read/41191686?Oem_Code=C1&logpath=1&stext=python&listno=137
미래에셋증권㈜,미래에셋증권 경력사원 채용,서울 중구,https://www.jobkorea.co.kr/Search/?stext=+/Recruit/GI_Read/41202996?Oem_Code=C1&logpath=1&stext=python&listno=138
잡코리아(유),[잡코리아] 신규 서비스 및 솔루션 개발,서울 서초구 외,https://www.jobkorea.co.kr/Search/?stext=+/Recruit/GI_Read/41204047?Oem_Code=C1&logpath=1&stext=python&listno=139
로지스올그룹,LogisALL 신입/경력사원 채용(IT시스템 개발  디자인&퍼블리싱  전산지원),서울 마포구 외,https://www.jobkorea.co.kr/Search/?stext=+/Recruit/GI_Read/41172627?Oem_Code=C1&logpath=1&stext=python&listno=140
교원그룹,교원그룹 2월 신입/경력 그룹 수시채용,서울 중구,https://www.jobkorea.co.kr/Search/?stext=+/Recruit/GI_Read/41144252?Oem_Code=C1&logpath=1&stext=python&listno=141
㈜지아이티,현대자동차 그룹사 (주)지아이티 상반기 대규모 수시 채용 (경력/신입),서울 송파구,https://www.jobkorea.co.kr/Search/?stext=+/Recruit/GI_Read/41138222?Oem_Code=C1&logpath=1&stext=python&listno=142
㈜지아이티,현대자동차그룹 (주)지아이티 전장사업 검사설비 배선/회로설계 채용,서울 송파구,https://www.jobkorea.co.kr/Search/?stext=+/Recruit/GI_Read/41138299?Oem_Code=C1&logpath=1&stext=python&listno=143
㈜지아이티,현대자동차그룹 (주)지아이티 연구소 전장 프로젝트 HW/개발 및 유지보수 인재채용,서울 송파구,https://www.jobkorea.co.kr/Search/?stext=+/Recruit/GI_Read/41138291?Oem_Code=C1&logpath=1&stext=python&listno=144
GS네오텍㈜,2023년 GS네오텍 정규직 신입.경력사원/PJT전문직 채용,서울 구로구,https://www.jobkorea.co.kr/Search/?stext=+/Recruit/GI_Read/41119443?Oem_Code=C1&logpath=1&stext=python&listno=145
㈜헥토이노베이션,헥토이노베이션 직군별 인재 모집(서비스기획/사업기획/개발/UX/UI 등),서울 강남구,https://www.jobkorea.co.kr/Search/?stext=+/Recruit/GI_Read/40736368?Oem_Code=C1&logpath=1&stext=python&listno=146
㈜신세계아이앤씨,신세계아이앤씨 SW개발/운영  기획  클라우드  AI  영업  보안 경력직 모집,서울 중구 외,https://www.jobkorea.co.kr/Search/?stext=+/Recruit/GI_Read/40761026?Oem_Code=C1&logpath=1&stext=python&listno=147
메타넷디지털㈜,2023 메타넷 그룹 경력직 공개채용,서울 종로구 외,https://www.jobkorea.co.kr/Search/?stext=+/Recruit/GI_Read/41245214?Oem_Code=C1&logpath=1&stext=python&listno=148
㈜이크레더블,23년 상반기 각 부문별 직원모집,서울 구로구 외,https://www.jobkorea.co.kr/Search/?stext=+/Recruit/GI_Read/41200129?Oem_Code=C1&logpath=1&stext=python&listno=149
엔아이티서비스㈜,[네이버계열사][NIT Service] NAVER  LINE 서비스 플랫폼 운영,경기 성남시,https://www.jobkorea.co.kr/Search/?stext=+/Recruit/GI_Read/41176533?Oem_Code=C1&logpath=1&stext=python&listno=150
엔테크서비스 주식회사,SW QA 엔지니어 신입 공채,경기 성남시 외,https://www.jobkorea.co.kr/Search/?stext=+/Recruit/GI_Read/41052686?Oem_Code=C1&logpath=1&stext=python&listno=151
엔아이티서비스㈜,[네이버계열사][NIT Service] 네이버 파이낸셜 플랫폼 운영,경기 성남시,https://www.jobkorea.co.kr/Search/?stext=+/Recruit/GI_Read/41083577?Oem_Code=C1&logpath=1&stext=python&listno=152
㈜데이타솔루션,(주)데이타솔루션 통계SW기술지원 신입사원 채용 공고,서울 강남구,https://www.jobkorea.co.kr/Search/?stext=+/Recruit/GI_Read/41059540?Oem_Code=C1&logpath=1&stext=python&listno=153
통로이미지㈜,[정규/경력] 클립아트코리아 IT개발자 인재 채용 (PHP),서울 중구,https://www.jobkorea.co.kr/Search/?stext=+/Recruit/GI_Read/41267630?Oem_Code=C1&logpath=1&stext=python&listno=154
㈜아이엔지스토리,2023년 INGSTORY 개발팀 대규모 공개 채용,서울 서초구 외,https://www.jobkorea.co.kr/Search/?stext=+/Recruit/GI_Read/41252368?Oem_Code=C1&logpath=1&stext=python&listno=155
㈜이연에프엔씨,2023년 각 부문별 수시 채용,서울 강남구,https://www.jobkorea.co.kr/Search/?stext=+/Recruit/GI_Read/41199894?Oem_Code=C1&logpath=1&stext=python&listno=156
㈜대우능력개발교육원,[전액국비무료] 자바기반 웹개발자/정보시스템구축(개발 운영)/웹디자이너/웹퍼블리셔 교육생 모집,서울 중랑구 외,https://www.jobkorea.co.kr/Search/?stext=+/Recruit/GI_Read/41235179?Oem_Code=C1&logpath=1&stext=python&listno=157
JW홀딩스㈜,JW그룹 2023년 2차 대졸 신입/경력 정규직 정기채용 [영업/마케팅  R&D  관리],서울,https://www.jobkorea.co.kr/Search/?stext=+/Recruit/GI_Read/41204280?Oem_Code=C1&logpath=1&stext=python&listno=158
한국정보기술연구원,2023년도 취업 역량 강화과정 교육생 모집,서울 구로구,https://www.jobkorea.co.kr/Search/?stext=+/Recruit/GI_Read/41157919?Oem_Code=C1&logpath=1&stext=python&listno=159
㈜플럭시티,㈜플럭시티 2023년 상반기 각 부문 채용,서울 서초구,https://www.jobkorea.co.kr/Search/?stext=+/Recruit/GI_Read/41135562?Oem_Code=C1&logpath=1&stext=python&listno=160
㈜토마토체인,[토마토체인] 웹개발자 / Frontend 개발자 / Backend 개발자 / 정보보안담당 / Android 개발자 / IOS 개발자,서울 마포구,https://www.jobkorea.co.kr/Search/?stext=+/Recruit/GI_Read/40968847?Oem_Code=C1&logpath=1&stext=python&listno=161
㈜에스에이엠지엔터테인먼트,애니메이션 제작본부 분야별 신입/경력 모집,서울 강남구 외,https://www.jobkorea.co.kr/Search/?stext=+/Recruit/GI_Read/41252435?Oem_Code=C1&logpath=1&stext=python&listno=162
SK이노베이션,2023년 상반기 SK이노베이션 계열 경력채용,서울 종로구,https://www.jobkorea.co.kr/Search/?stext=+/Recruit/GI_Read/41191992?Oem_Code=C1&logpath=1&stext=python&listno=163
㈜트랜스코스모스,[TCK] 당사 고객상담 DATA 활용 분석 및 기획 담당자 (여의도)  oy7R,서울 영등포구 외,https://www.jobkorea.co.kr/Search/?stext=+/Recruit/GI_Read/41269245?Oem_Code=C1&logpath=1&stext=python&listno=164
㈜트랜스코스모스,[본사]DT사업본부 솔루션 기획사업 인재채용 9j2P,서울 영등포구 외,https://www.jobkorea.co.kr/Search/?stext=+/Recruit/GI_Read/41269159?Oem_Code=C1&logpath=1&stext=python&listno=165
링크제니시스,고졸  RPA 스크립트 개발자 채용,경기 안양시,https://www.jobkorea.co.kr/Search/?stext=+/Recruit/GI_Read/41268560?Oem_Code=C1&logpath=1&stext=python&listno=166
㈜이노와이어리스,[LIG그룹 계열사] 이노와이어리스 분석 S/W개발 신입 경력 모집,경기 성남시,https://www.jobkorea.co.kr/Search/?stext=+/Recruit/GI_Read/41267803?Oem_Code=C1&logpath=1&stext=python&listno=167
㈜인라이플,[주4.5일근무] 광고 플랫폼 기획 PM 인재 채용,서울 구로구 외,https://www.jobkorea.co.kr/Search/?stext=+/Recruit/GI_Read/41267752?Oem_Code=C1&logpath=1&stext=python&listno=168
㈜인라이플,[주4.5일근무] Frontend Developer (PHP) 인재채용,서울 구로구 외,https://www.jobkorea.co.kr/Search/?stext=+/Recruit/GI_Read/41267744?Oem_Code=C1&logpath=1&stext=python&listno=169
㈜코리아인,[유명외국계 리서치기업] 데이터/영문보고서 관리 인턴채용,서울 서대문구 외,https://www.jobkorea.co.kr/Search/?stext=+/Recruit/GI_Read/41263282?Oem_Code=C1&logpath=1&stext=python&listno=170
한국과학기술연구원,2023년 3월 연수직(Post-Doc./인턴연구원) 공개채용,전국,https://www.jobkorea.co.kr/Search/?stext=+/Recruit/GI_Read/41263369?Oem_Code=C1&logpath=1&stext=python&listno=171
지니언스(주),2023년 상반기 공개채용,경기 안양시 외,https://www.jobkorea.co.kr/Search/?stext=+/Recruit/GI_Read/41256195?Oem_Code=C1&logpath=1&stext=python&listno=172
㈜네오랩컨버전스,2023년 상반기 경력사원 채용 (해외영업/안드로이드개발),서울 구로구,https://www.jobkorea.co.kr/Search/?stext=+/Recruit/GI_Read/41258504?Oem_Code=C1&logpath=1&stext=python&listno=173
인카금융서비스㈜,DBA 인력 채용,서울 성동구 외,https://www.jobkorea.co.kr/Search/?stext=+/Recruit/GI_Read/41257600?Oem_Code=C1&logpath=1&stext=python&listno=174
인카금융서비스㈜,IT 개발 인력 대규모채용,서울 성동구 외,https://www.jobkorea.co.kr/Search/?stext=+/Recruit/GI_Read/41257547?Oem_Code=C1&logpath=1&stext=python&listno=175
㈜인라이플,[주4.5일근무] Frontend Developer (JAVA) 채용,서울 구로구 외,https://www.jobkorea.co.kr/Search/?stext=+/Recruit/GI_Read/41255254?Oem_Code=C1&logpath=1&stext=python&listno=176
아이투맥스,[Salesforce/업계 1위] E-커머스 플랫폼 개발자(신입/경력) 채용,서울 마포구,https://www.jobkorea.co.kr/Search/?stext=+/Recruit/GI_Read/41254829?Oem_Code=C1&logpath=1&stext=python&listno=177
아이투맥스,[Salesforce/업계 1위] 클라우드 플랫폼 개발자(신입/경력) 채용,서울 마포구,https://www.jobkorea.co.kr/Search/?stext=+/Recruit/GI_Read/41254820?Oem_Code=C1&logpath=1&stext=python&listno=178
㈜셀바스에이아이,[셀바스AI] NLP 개발자 인재 채용 - 경력,서울 금천구,https://www.jobkorea.co.kr/Search/?stext=+/Recruit/GI_Read/41254266?Oem_Code=C1&logpath=1&stext=python&listno=179
㈜셀바스에이아이,[셀바스AI] 음성인식 엔진 개발자 인재 채용 - 신입/경력,서울 금천구,https://www.jobkorea.co.kr/Search/?stext=+/Recruit/GI_Read/41254251?Oem_Code=C1&logpath=1&stext=python&listno=180
㈜셀바스에이아이,[셀바스AI] 개발 PM 인재 채용 - 경력,서울 금천구,https://www.jobkorea.co.kr/Search/?stext=+/Recruit/GI_Read/41254190?Oem_Code=C1&logpath=1&stext=python&listno=181
㈜셀바스에이아이,[셀바스AI] 인공지능 모델 개발자 채용 - 경력,서울 금천구,https://www.jobkorea.co.kr/Search/?stext=+/Recruit/GI_Read/41254161?Oem_Code=C1&logpath=1&stext=python&listno=182
㈜위메프,[위메프서비스] Data Engineer,서울 강남구,https://www.jobkorea.co.kr/Search/?stext=+/Recruit/GI_Read/41254032?Oem_Code=C1&logpath=1&stext=python&listno=183
도미노피자(청오디피케이),도미노피자 각부문(자회사/관계사포함) 공개채용,서울 강남구 외,https://www.jobkorea.co.kr/Search/?stext=+/Recruit/GI_Read/41246721?Oem_Code=C1&logpath=1&stext=python&listno=184
㈜비타소프트,인공지능(딥러닝)개발자  빅데이터 분석 (병역 특례  보충역 가능) 모십니다,서울 구로구,https://www.jobkorea.co.kr/Search/?stext=+/Recruit/GI_Read/41248940?Oem_Code=C1&logpath=1&stext=python&listno=185
㈜아이디어키,[(주)아이디어키] 기획개발팀 신입/경력 채용,서울 강남구,https://www.jobkorea.co.kr/Search/?stext=+/Recruit/GI_Read/41243751?Oem_Code=C1&logpath=1&stext=python&listno=186
리디㈜,[리디/RIDI] 프론트엔드 엔지니어(Global) 채용 중,서울 강남구,https://www.jobkorea.co.kr/Search/?stext=+/Recruit/GI_Read/41247592?Oem_Code=C1&logpath=1&stext=python&listno=187
㈜앤씨앤,[앤씨앤/넥스트칩]2023년 3월 연구소  영업마케팅 각 부문 신입/경력 모집,경기 성남시,https://www.jobkorea.co.kr/Search/?stext=+/Recruit/GI_Read/41243885?Oem_Code=C1&logpath=1&stext=python&listno=188
㈜푸드나무,[푸드나무] 랭킹닭컴 ERP 운영 및 내부 프로세스 효율화 담당자 채용 (경력),서울 마포구 외,https://www.jobkorea.co.kr/Search/?stext=+/Recruit/GI_Read/41244146?Oem_Code=C1&logpath=1&stext=python&listno=189
교보정보통신,[교보정보통신] IT사업 부문별 경력사원 모집 (사업 확장에 따른 인재 채용),서울 종로구,https://www.jobkorea.co.kr/Search/?stext=+/Recruit/GI_Read/41243689?Oem_Code=C1&logpath=1&stext=python&listno=190
(주)마이셀럽스,[마이셀럽스] 데이터 사이언티스트(NLP) 정규직 채용,서울 강남구,https://www.jobkorea.co.kr/Search/?stext=+/Recruit/GI_Read/41242603?Oem_Code=C1&logpath=1&stext=python&listno=191
㈜한길아이티,응용 SW 개발 / 영업관리 신입/경력사원 공개채용,서울 구로구,https://www.jobkorea.co.kr/Search/?stext=+/Recruit/GI_Read/41240154?Oem_Code=C1&logpath=1&stext=python&listno=192
위메이드,데이터 엔지니어,경기 성남시,https://www.jobkorea.co.kr/Search/?stext=+/Recruit/GI_Read/41239273?Oem_Code=C1&logpath=1&stext=python&listno=193
한일네트웍스㈜,한일네트웍스 웹개발자 채용(경력),서울 마포구,https://www.jobkorea.co.kr/Search/?stext=+/Recruit/GI_Read/41238767?Oem_Code=C1&logpath=1&stext=python&listno=194
한일네트웍스㈜,한일네트웍스 안드로이드 앱 개발자 채용(경력),서울 마포구,https://www.jobkorea.co.kr/Search/?stext=+/Recruit/GI_Read/41238749?Oem_Code=C1&logpath=1&stext=python&listno=195
㈜위메프,[위메프서비스] Data Analyst,서울 강남구,https://www.jobkorea.co.kr/Search/?stext=+/Recruit/GI_Read/41238066?Oem_Code=C1&logpath=1&stext=python&listno=196
㈜위메프,[위메프서비스] DBA,서울 강남구,https://www.jobkorea.co.kr/Search/?stext=+/Recruit/GI_Read/41234360?Oem_Code=C1&logpath=1&stext=python&listno=197
㈜스마일게이트홀딩스,[스마일게이트 홀딩스] [데이터플랫폼] 데이터 엔지니어 담당,경기 성남시,https://www.jobkorea.co.kr/Search/?stext=+/Recruit/GI_Read/41233473?Oem_Code=C1&logpath=1&stext=python&listno=198
㈜엔씨소프트,[엔씨소프트] NLP Research 분야 수시(3차) 모집,경기 성남시,https://www.jobkorea.co.kr/Search/?stext=+/Recruit/GI_Read/41231368?Oem_Code=C1&logpath=1&stext=python&listno=199
㈜이글루코퍼레이션,데이터 수집 개발 및 빅 데이터/사이버 위협 분석 채용,서울 송파구,https://www.jobkorea.co.kr/Search/?stext=+/Recruit/GI_Read/41230744?Oem_Code=C1&logpath=1&stext=python&listno=200
OpenCraft,Senior Open Source Developer & DevOps (Python  Django  React  AWS/OpenStack),Anywhere in the World,https://weworkremotely.com+/remote-jobs/opencraft-senior-open-source-developer-devops-python-django-react-aws-openstack
Proxify AB,Senior Python Engineer: Long-term job - 100% remote,Anywhere in the World,https://weworkremotely.com+/remote-jobs/proxify-ab-senior-python-engineer-long-term-job-100-remote
Trustworthy,Full Stack Software Engineer (React / Python),Anywhere in the World,https://weworkremotely.com+/remote-jobs/trustworthy-full-stack-software-engineer-react-python
NannyML,Senior Full-stack Engineer with Python,Anywhere in the World,https://weworkremotely.com+/remote-jobs/nannyml-senior-full-stack-engineer-with-python
Input Logic,Python Developer,Canada Only,https://weworkremotely.com+/remote-jobs/input-logic-python-developer
Doximity,Python Platform Engineer,Americas Only,https://weworkremotely.com+/remote-jobs/doximity-python-platform-engineer
XM,Software Engineer in Test – Python – Cyprus  Greece or Remote ,Anywhere in the World,https://weworkremotely.com+/remote-jobs/xm-software-engineer-in-test-python-cyprus-greece-or-remote-2
